<control>

   <view>main</view>
   <view status="CMD_OK">main</view>
   <view status="CMD_ERROR">error</view>

   <command name="ListVenues">
      <view>listvenues</view>
   </command>

   <command name="QuickAddVenue">
      <classroot name="AddVenue" />
      <view>quickadd</view>
   </command>

   <command name="AddVenue">
      <view>addvenue</view>
      <status value="CMD_OK">
          <forward>AddSpace</forward>
      </status>
   </command>

   <command name="AddSpace">
      <view>addspace</view>
      <status value="CMD_OK">
         <forward>ListVenues</forward>
     </status>
   </command>

</control>
